Hombres;Total;02 Albacete;1 de enero de 2020;194.778
Hombres;Total;02 Albacete;1 de enero de 2019;194.558
Hombres;Total;02 Albacete;1 de enero de 2018;194.994
Hombres;Total;02 Albacete;1 de enero de 2017;195.681
Hombres;Total;02 Albacete;1 de enero de 2016;196.394
Hombres;Total;02 Albacete;1 de enero de 2015;197.389
Hombres;Total;02 Albacete;1 de enero de 2014;198.256
Hombres;Total;02 Albacete;1 de enero de 2013;199.828
Hombres;Total;02 Albacete;1 de enero de 2012;201.085
Hombres;Total;02 Albacete;1 de enero de 2011;200.830
Hombres;Total;03 Alicante/Alacant;1 de enero de 2020;935.015
Hombres;Total;03 Alicante/Alacant;1 de enero de 2019;923.878
Hombres;Total;03 Alicante/Alacant;1 de enero de 2018;915.371
Hombres;Total;03 Alicante/Alacant;1 de enero de 2017;914.824
Hombres;Total;03 Alicante/Alacant;1 de enero de 2016;915.629
Hombres;Total;03 Alicante/Alacant;1 de enero de 2015;916.055
Hombres;Total;03 Alicante/Alacant;1 de enero de 2014;921.458
Hombres;Total;03 Alicante/Alacant;1 de enero de 2013;923.942
Hombres;Total;03 Alicante/Alacant;1 de enero de 2012;924.452
Hombres;Total;03 Alicante/Alacant;1 de enero de 2011;920.410
Hombres;Total;04 Almería;1 de enero de 2020;362.016
Hombres;Total;04 Almería;1 de enero de 2019;357.788
Hombres;Total;04 Almería;1 de enero de 2018;354.476
Hombres;Total;04 Almería;1 de enero de 2017;354.122
Hombres;Total;04 Almería;1 de enero de 2016;352.228
Hombres;Total;04 Almería;1 de enero de 2015;349.380
Hombres;Total;04 Almería;1 de enero de 2014;348.597
Hombres;Total;04 Almería;1 de enero de 2013;350.948
Hombres;Total;04 Almería;1 de enero de 2012;350.979
Hombres;Total;04 Almería;1 de enero de 2011;351.257
Hombres;Total;01 Araba/Álava;1 de enero de 2020;161.506
Hombres;Total;01 Araba/Álava;1 de enero de 2019;160.680
Hombres;Total;01 Araba/Álava;1 de enero de 2018;159.795
Hombres;Total;01 Araba/Álava;1 de enero de 2017;159.186
Hombres;Total;01 Araba/Álava;1 de enero de 2016;158.367
Hombres;Total;01 Araba/Álava;1 de enero de 2015;158.099
Hombres;Total;01 Araba/Álava;1 de enero de 2014;158.085
Hombres;Total;01 Araba/Álava;1 de enero de 2013;158.630
Hombres;Total;01 Araba/Álava;1 de enero de 2012;159.551
Hombres;Total;01 Araba/Álava;1 de enero de 2011;159.673
Hombres;Total;33 Asturias;1 de enero de 2020;486.957
Hombres;Total;33 Asturias;1 de enero de 2019;488.675
Hombres;Total;33 Asturias;1 de enero de 2018;491.318
Hombres;Total;33 Asturias;1 de enero de 2017;494.532
Hombres;Total;33 Asturias;1 de enero de 2016;497.946
Hombres;Total;33 Asturias;1 de enero de 2015;502.362
Hombres;Total;33 Asturias;1 de enero de 2014;507.151
Hombres;Total;33 Asturias;1 de enero de 2013;511.932
Hombres;Total;33 Asturias;1 de enero de 2012;515.503
Hombres;Total;33 Asturias;1 de enero de 2011;516.497
Hombres;Total;05 Ávila;1 de enero de 2020;80.050
Hombres;Total;05 Ávila;1 de enero de 2019;80.202
Hombres;Total;05 Ávila;1 de enero de 2018;80.640
Hombres;Total;05 Ávila;1 de enero de 2017;81.587
Hombres;Total;05 Ávila;1 de enero de 2016;82.580
Hombres;Total;05 Ávila;1 de enero de 2015;83.673
Hombres;Total;05 Ávila;1 de enero de 2014;84.485
Hombres;Total;05 Ávila;1 de enero de 2013;85.552
Hombres;Total;05 Ávila;1 de enero de 2012;86.617
Hombres;Total;05 Ávila;1 de enero de 2011;87.344
Hombres;Total;06 Badajoz;1 de enero de 2020;331.689
Hombres;Total;06 Badajoz;1 de enero de 2019;332.848
Hombres;Total;06 Badajoz;1 de enero de 2018;334.178
Hombres;Total;06 Badajoz;1 de enero de 2017;336.228
Hombres;Total;06 Badajoz;1 de enero de 2016;338.456
Hombres;Total;06 Badajoz;1 de enero de 2015;340.416
Hombres;Total;06 Badajoz;1 de enero de 2014;341.689
Hombres;Total;06 Badajoz;1 de enero de 2013;342.965
Hombres;Total;06 Badajoz;1 de enero de 2012;343.428
Hombres;Total;06 Badajoz;1 de enero de 2011;342.454
Hombres;Total;07 Balears, Illes;1 de enero de 2020;605.893
Hombres;Total;07 Balears, Illes;1 de enero de 2019;594.424
Hombres;Total;07 Balears, Illes;1 de enero de 2018;583.456
Hombres;Total;07 Balears, Illes;1 de enero de 2017;575.304
Hombres;Total;07 Balears, Illes;1 de enero de 2016;567.545
Hombres;Total;07 Balears, Illes;1 de enero de 2015;562.541
Hombres;Total;07 Balears, Illes;1 de enero de 2014;558.631
Hombres;Total;07 Balears, Illes;1 de enero de 2013;556.558
Hombres;Total;07 Balears, Illes;1 de enero de 2012;552.593
Hombres;Total;07 Balears, Illes;1 de enero de 2011;548.586
Hombres;Total;08 Barcelona;1 de enero de 2020;2.733.621
Hombres;Total;08 Barcelona;1 de enero de 2019;2.703.227
Hombres;Total;08 Barcelona;1 de enero de 2018;2.673.145
Hombres;Total;08 Barcelona;1 de enero de 2017;2.655.722
Hombres;Total;08 Barcelona;1 de enero de 2016;2.644.747
Hombres;Total;08 Barcelona;1 de enero de 2015;2.640.940
Hombres;Total;08 Barcelona;1 de enero de 2014;2.651.393
Hombres;Total;08 Barcelona;1 de enero de 2013;2.682.871
Hombres;Total;08 Barcelona;1 de enero de 2012;2.703.747
Hombres;Total;08 Barcelona;1 de enero de 2011;2.705.267
Hombres;Total;48 Bizkaia;1 de enero de 2020;549.413
Hombres;Total;48 Bizkaia;1 de enero de 2019;546.785
Hombres;Total;48 Bizkaia;1 de enero de 2018;545.801
Hombres;Total;48 Bizkaia;1 de enero de 2017;545.784
Hombres;Total;48 Bizkaia;1 de enero de 2016;546.309
Hombres;Total;48 Bizkaia;1 de enero de 2015;547.848
Hombres;Total;48 Bizkaia;1 de enero de 2014;549.932
Hombres;Total;48 Bizkaia;1 de enero de 2013;555.108
Hombres;Total;48 Bizkaia;1 de enero de 2012;559.733
Hombres;Total;48 Bizkaia;1 de enero de 2011;560.835
Hombres;Total;09 Burgos;1 de enero de 2020;178.484
Hombres;Total;09 Burgos;1 de enero de 2019;178.356
Hombres;Total;09 Burgos;1 de enero de 2018;178.742
Hombres;Total;09 Burgos;1 de enero de 2017;179.535
Hombres;Total;09 Burgos;1 de enero de 2016;180.678
Hombres;Total;09 Burgos;1 de enero de 2015;182.446
Hombres;Total;09 Burgos;1 de enero de 2014;183.820
Hombres;Total;09 Burgos;1 de enero de 2013;185.852
Hombres;Total;09 Burgos;1 de enero de 2012;188.155
Hombres;Total;09 Burgos;1 de enero de 2011;188.923
Hombres;Total;10 Cáceres;1 de enero de 2020;195.122
Hombres;Total;10 Cáceres;1 de enero de 2019;196.133
Hombres;Total;10 Cáceres;1 de enero de 2018;197.465
Hombres;Total;10 Cáceres;1 de enero de 2017;199.259
Hombres;Total;10 Cáceres;1 de enero de 2016;201.012
Hombres;Total;10 Cáceres;1 de enero de 2015;202.564
Hombres;Total;10 Cáceres;1 de enero de 2014;203.763
Hombres;Total;10 Cáceres;1 de enero de 2013;204.868
Hombres;Total;10 Cáceres;1 de enero de 2012;206.095
Hombres;Total;10 Cáceres;1 de enero de 2011;205.858
Hombres;Total;11 Cádiz;1 de enero de 2020;622.502
Hombres;Total;11 Cádiz;1 de enero de 2019;620.327
Hombres;Total;11 Cádiz;1 de enero de 2018;620.415
Hombres;Total;11 Cádiz;1 de enero de 2017;620.717
Hombres;Total;11 Cádiz;1 de enero de 2016;620.722
Hombres;Total;11 Cádiz;1 de enero de 2015;621.089
Hombres;Total;11 Cádiz;1 de enero de 2014;620.872
Hombres;Total;11 Cádiz;1 de enero de 2013;621.167
Hombres;Total;11 Cádiz;1 de enero de 2012;620.463
Hombres;Total;11 Cádiz;1 de enero de 2011;617.114
Hombres;Total;39 Cantabria;1 de enero de 2020;283.803
Hombres;Total;39 Cantabria;1 de enero de 2019;283.562
Hombres;Total;39 Cantabria;1 de enero de 2018;283.624
Hombres;Total;39 Cantabria;1 de enero de 2017;283.967
Hombres;Total;39 Cantabria;1 de enero de 2016;284.550
Hombres;Total;39 Cantabria;1 de enero de 2015;286.204
Hombres;Total;39 Cantabria;1 de enero de 2014;287.479
Hombres;Total;39 Cantabria;1 de enero de 2013;288.734
Hombres;Total;39 Cantabria;1 de enero de 2012;290.133
Hombres;Total;39 Cantabria;1 de enero de 2011;289.406
Hombres;Total;12 Castellón/Castelló;1 de enero de 2020;285.298
Hombres;Total;12 Castellón/Castelló;1 de enero de 2019;283.778
Hombres;Total;12 Castellón/Castelló;1 de enero de 2018;282.778
Hombres;Total;12 Castellón/Castelló;1 de enero de 2017;283.164
Hombres;Total;12 Castellón/Castelló;1 de enero de 2016;284.025
Hombres;Total;12 Castellón/Castelló;1 de enero de 2015;285.919
Hombres;Total;12 Castellón/Castelló;1 de enero de 2014;288.155
Hombres;Total;12 Castellón/Castelló;1 de enero de 2013;292.684
Hombres;Total;12 Castellón/Castelló;1 de enero de 2012;297.669
Hombres;Total;12 Castellón/Castelló;1 de enero de 2011;298.888
Hombres;Total;13 Ciudad Real;1 de enero de 2020;244.803
Hombres;Total;13 Ciudad Real;1 de enero de 2019;245.147
Hombres;Total;13 Ciudad Real;1 de enero de 2018;246.932
Hombres;Total;13 Ciudad Real;1 de enero de 2017;249.888
Hombres;Total;13 Ciudad Real;1 de enero de 2016;252.357
Hombres;Total;13 Ciudad Real;1 de enero de 2015;255.465
Hombres;Total;13 Ciudad Real;1 de enero de 2014;257.584
Hombres;Total;13 Ciudad Real;1 de enero de 2013;260.177
Hombres;Total;13 Ciudad Real;1 de enero de 2012;262.148
Hombres;Total;13 Ciudad Real;1 de enero de 2011;262.176
Hombres;Total;14 Córdoba;1 de enero de 2020;384.574
Hombres;Total;14 Córdoba;1 de enero de 2019;384.587
Hombres;Total;14 Córdoba;1 de enero de 2018;386.210
Hombres;Total;14 Córdoba;1 de enero de 2017;387.966
Hombres;Total;14 Córdoba;1 de enero de 2016;389.187
Hombres;Total;14 Córdoba;1 de enero de 2015;390.844
Hombres;Total;14 Córdoba;1 de enero de 2014;391.933
Hombres;Total;14 Córdoba;1 de enero de 2013;393.273
Hombres;Total;14 Córdoba;1 de enero de 2012;394.505
Hombres;Total;14 Córdoba;1 de enero de 2011;393.972
Hombres;Total;15 Coruña, A;1 de enero de 2020;539.398
Hombres;Total;15 Coruña, A;1 de enero de 2019;538.755
Hombres;Total;15 Coruña, A;1 de enero de 2018;538.681
Hombres;Total;15 Coruña, A;1 de enero de 2017;539.055
Hombres;Total;15 Coruña, A;1 de enero de 2016;540.529
Hombres;Total;15 Coruña, A;1 de enero de 2015;543.023
Hombres;Total;15 Coruña, A;1 de enero de 2014;545.342
Hombres;Total;15 Coruña, A;1 de enero de 2013;548.031
Hombres;Total;15 Coruña, A;1 de enero de 2012;549.265
Hombres;Total;15 Coruña, A;1 de enero de 2011;548.550
Hombres;Total;16 Cuenca;1 de enero de 2020;101.006
Hombres;Total;16 Cuenca;1 de enero de 2019;100.868
Hombres;Total;16 Cuenca;1 de enero de 2018;101.406
Hombres;Total;16 Cuenca;1 de enero de 2017;102.229
Hombres;Total;16 Cuenca;1 de enero de 2016;103.297
Hombres;Total;16 Cuenca;1 de enero de 2015;104.624
Hombres;Total;16 Cuenca;1 de enero de 2014;105.685
Hombres;Total;16 Cuenca;1 de enero de 2013;107.374
Hombres;Total;16 Cuenca;1 de enero de 2012;108.781
Hombres;Total;16 Cuenca;1 de enero de 2011;109.637
Hombres;Total;20 Gipuzkoa;1 de enero de 2020;348.250
Hombres;Total;20 Gipuzkoa;1 de enero de 2019;346.637
Hombres;Total;20 Gipuzkoa;1 de enero de 2018;345.254
Hombres;Total;20 Gipuzkoa;1 de enero de 2017;344.838
Hombres;Total;20 Gipuzkoa;1 de enero de 2016;344.813
Hombres;Total;20 Gipuzkoa;1 de enero de 2015;344.922
Hombres;Total;20 Gipuzkoa;1 de enero de 2014;345.072
Hombres;Total;20 Gipuzkoa;1 de enero de 2013;346.232
Hombres;Total;20 Gipuzkoa;1 de enero de 2012;346.871
Hombres;Total;20 Gipuzkoa;1 de enero de 2011;346.883
Hombres;Total;17 Girona;1 de enero de 2020;382.025
Hombres;Total;17 Girona;1 de enero de 2019;377.123
Hombres;Total;17 Girona;1 de enero de 2018;373.371
Hombres;Total;17 Girona;1 de enero de 2017;371.571
Hombres;Total;17 Girona;1 de enero de 2016;370.201
Hombres;Total;17 Girona;1 de enero de 2015;370.122
Hombres;Total;17 Girona;1 de enero de 2014;372.332
Hombres;Total;17 Girona;1 de enero de 2013;376.416
Hombres;Total;17 Girona;1 de enero de 2012;378.879
Hombres;Total;17 Girona;1 de enero de 2011;377.460
Hombres;Total;18 Granada;1 de enero de 2020;457.686
Hombres;Total;18 Granada;1 de enero de 2019;455.290
Hombres;Total;18 Granada;1 de enero de 2018;454.431
Hombres;Total;18 Granada;1 de enero de 2017;454.440
Hombres;Total;18 Granada;1 de enero de 2016;454.723
Hombres;Total;18 Granada;1 de enero de 2015;455.501
Hombres;Total;18 Granada;1 de enero de 2014;456.567
Hombres;Total;18 Granada;1 de enero de 2013;457.787
Hombres;Total;18 Granada;1 de enero de 2012;458.053
Hombres;Total;18 Granada;1 de enero de 2011;456.366
Hombres;Total;19 Guadalajara;1 de enero de 2020;133.207
Hombres;Total;19 Guadalajara;1 de enero de 2019;131.365
Hombres;Total;19 Guadalajara;1 de enero de 2018;129.976
Hombres;Total;19 Guadalajara;1 de enero de 2017;129.659
Hombres;Total;19 Guadalajara;1 de enero de 2016;129.294
Hombres;Total;19 Guadalajara;1 de enero de 2015;129.641
Hombres;Total;19 Guadalajara;1 de enero de 2014;130.218
Hombres;Total;19 Guadalajara;1 de enero de 2013;131.548
Hombres;Total;19 Guadalajara;1 de enero de 2012;132.200
Hombres;Total;19 Guadalajara;1 de enero de 2011;130.678
Hombres;Total;21 Huelva;1 de enero de 2020;260.177
Hombres;Total;21 Huelva;1 de enero de 2019;258.887
Hombres;Total;21 Huelva;1 de enero de 2018;258.233
Hombres;Total;21 Huelva;1 de enero de 2017;258.028
Hombres;Total;21 Huelva;1 de enero de 2016;258.263
Hombres;Total;21 Huelva;1 de enero de 2015;258.545
Hombres;Total;21 Huelva;1 de enero de 2014;258.389
Hombres;Total;21 Huelva;1 de enero de 2013;258.390
Hombres;Total;21 Huelva;1 de enero de 2012;257.850
Hombres;Total;21 Huelva;1 de enero de 2011;257.222
Hombres;Total;22 Huesca;1 de enero de 2020;111.430
Hombres;Total;22 Huesca;1 de enero de 2019;110.627
Hombres;Total;22 Huesca;1 de enero de 2018;110.661
Hombres;Total;22 Huesca;1 de enero de 2017;111.012
Hombres;Total;22 Huesca;1 de enero de 2016;111.516
Hombres;Total;22 Huesca;1 de enero de 2015;112.377
Hombres;Total;22 Huesca;1 de enero de 2014;113.182
Hombres;Total;22 Huesca;1 de enero de 2013;114.046
Hombres;Total;22 Huesca;1 de enero de 2012;114.693
Hombres;Total;22 Huesca;1 de enero de 2011;115.394
Hombres;Total;23 Jaén;1 de enero de 2020;312.023
Hombres;Total;23 Jaén;1 de enero de 2019;313.586
Hombres;Total;23 Jaén;1 de enero de 2018;315.935
Hombres;Total;23 Jaén;1 de enero de 2017;318.789
Hombres;Total;23 Jaén;1 de enero de 2016;321.155
Hombres;Total;23 Jaén;1 de enero de 2015;324.051
Hombres;Total;23 Jaén;1 de enero de 2014;326.158
Hombres;Total;23 Jaén;1 de enero de 2013;329.913
Hombres;Total;23 Jaén;1 de enero de 2012;333.760
Hombres;Total;23 Jaén;1 de enero de 2011;332.956
Hombres;Total;24 León;1 de enero de 2020;223.586
Hombres;Total;24 León;1 de enero de 2019;225.326
Hombres;Total;24 León;1 de enero de 2018;227.182
Hombres;Total;24 León;1 de enero de 2017;229.440
Hombres;Total;24 León;1 de enero de 2016;231.782
Hombres;Total;24 León;1 de enero de 2015;234.533
Hombres;Total;24 León;1 de enero de 2014;236.768
Hombres;Total;24 León;1 de enero de 2013;239.125
Hombres;Total;24 León;1 de enero de 2012;241.096
Hombres;Total;24 León;1 de enero de 2011;241.709
Hombres;Total;25 Lleida;1 de enero de 2020;221.040
Hombres;Total;25 Lleida;1 de enero de 2019;218.328
Hombres;Total;25 Lleida;1 de enero de 2018;217.166
Hombres;Total;25 Lleida;1 de enero de 2017;216.996
Hombres;Total;25 Lleida;1 de enero de 2016;217.180
Hombres;Total;25 Lleida;1 de enero de 2015;217.796
Hombres;Total;25 Lleida;1 de enero de 2014;218.835
Hombres;Total;25 Lleida;1 de enero de 2013;221.301
Hombres;Total;25 Lleida;1 de enero de 2012;223.077
Hombres;Total;25 Lleida;1 de enero de 2011;222.425
Hombres;Total;27 Lugo;1 de enero de 2020;159.287
Hombres;Total;27 Lugo;1 de enero de 2019;160.005
Hombres;Total;27 Lugo;1 de enero de 2018;161.033
Hombres;Total;27 Lugo;1 de enero de 2017;162.070
Hombres;Total;27 Lugo;1 de enero de 2016;163.297
Hombres;Total;27 Lugo;1 de enero de 2015;164.645
Hombres;Total;27 Lugo;1 de enero de 2014;166.048
Hombres;Total;27 Lugo;1 de enero de 2013;167.629
Hombres;Total;27 Lugo;1 de enero de 2012;169.176
Hombres;Total;27 Lugo;1 de enero de 2011;170.058
Hombres;Total;28 Madrid;1 de enero de 2020;3.234.075
Hombres;Total;28 Madrid;1 de enero de 2019;3.184.373
Hombres;Total;28 Madrid;1 de enero de 2018;3.142.021
Hombres;Total;28 Madrid;1 de enero de 2017;3.108.811
Hombres;Total;28 Madrid;1 de enero de 2016;3.084.747
Hombres;Total;28 Madrid;1 de enero de 2015;3.066.776
Hombres;Total;28 Madrid;1 de enero de 2014;3.065.576
Hombres;Total;28 Madrid;1 de enero de 2013;3.086.686
Hombres;Total;28 Madrid;1 de enero de 2012;3.097.459
Hombres;Total;28 Madrid;1 de enero de 2011;3.087.772
Hombres;Total;29 Málaga;1 de enero de 2020;826.506
Hombres;Total;29 Málaga;1 de enero de 2019;816.029
Hombres;Total;29 Málaga;1 de enero de 2018;812.010
Hombres;Total;29 Málaga;1 de enero de 2017;810.480
Hombres;Total;29 Málaga;1 de enero de 2016;808.326
Hombres;Total;29 Málaga;1 de enero de 2015;804.149
Hombres;Total;29 Málaga;1 de enero de 2014;798.860
Hombres;Total;29 Málaga;1 de enero de 2013;795.377
Hombres;Total;29 Málaga;1 de enero de 2012;789.052
Hombres;Total;29 Málaga;1 de enero de 2011;780.751
Hombres;Total;30 Murcia;1 de enero de 2020;752.689
Hombres;Total;30 Murcia;1 de enero de 2019;744.145
Hombres;Total;30 Murcia;1 de enero de 2018;738.645
Hombres;Total;30 Murcia;1 de enero de 2017;737.984
Hombres;Total;30 Murcia;1 de enero de 2016;735.108
Hombres;Total;30 Murcia;1 de enero de 2015;734.269
Hombres;Total;30 Murcia;1 de enero de 2014;734.055
Hombres;Total;30 Murcia;1 de enero de 2013;735.550
Hombres;Total;30 Murcia;1 de enero de 2012;737.239
Hombres;Total;30 Murcia;1 de enero de 2011;737.295
Hombres;Total;31 Navarra;1 de enero de 2020;324.401
Hombres;Total;31 Navarra;1 de enero de 2019;321.064
Hombres;Total;31 Navarra;1 de enero de 2018;318.305
Hombres;Total;31 Navarra;1 de enero de 2017;316.990
Hombres;Total;31 Navarra;1 de enero de 2016;315.938
Hombres;Total;31 Navarra;1 de enero de 2015;315.570
Hombres;Total;31 Navarra;1 de enero de 2014;315.935
Hombres;Total;31 Navarra;1 de enero de 2013;317.845
Hombres;Total;31 Navarra;1 de enero de 2012;319.090
Hombres;Total;31 Navarra;1 de enero de 2011;318.116
Hombres;Total;32 Ourense;1 de enero de 2020;147.771
Hombres;Total;32 Ourense;1 de enero de 2019;148.315
Hombres;Total;32 Ourense;1 de enero de 2018;149.171
Hombres;Total;32 Ourense;1 de enero de 2017;150.326
Hombres;Total;32 Ourense;1 de enero de 2016;151.777
Hombres;Total;32 Ourense;1 de enero de 2015;153.836
Hombres;Total;32 Ourense;1 de enero de 2014;155.401
Hombres;Total;32 Ourense;1 de enero de 2013;157.223
Hombres;Total;32 Ourense;1 de enero de 2012;158.517
Hombres;Total;32 Ourense;1 de enero de 2011;159.302
Hombres;Total;34 Palencia;1 de enero de 2020;79.220
Hombres;Total;34 Palencia;1 de enero de 2019;79.662
Hombres;Total;34 Palencia;1 de enero de 2018;80.240
Hombres;Total;34 Palencia;1 de enero de 2017;80.784
Hombres;Total;34 Palencia;1 de enero de 2016;81.447
Hombres;Total;34 Palencia;1 de enero de 2015;82.115
Hombres;Total;34 Palencia;1 de enero de 2014;82.849
Hombres;Total;34 Palencia;1 de enero de 2013;83.608
Hombres;Total;34 Palencia;1 de enero de 2012;84.416
Hombres;Total;34 Palencia;1 de enero de 2011;84.933
Hombres;Total;35 Palmas, Las;1 de enero de 2020;572.762
Hombres;Total;35 Palmas, Las;1 de enero de 2019;567.359
Hombres;Total;35 Palmas, Las;1 de enero de 2018;561.558
Hombres;Total;35 Palmas, Las;1 de enero de 2017;558.346
Hombres;Total;35 Palmas, Las;1 de enero de 2016;554.726
Hombres;Total;35 Palmas, Las;1 de enero de 2015;552.997
Hombres;Total;35 Palmas, Las;1 de enero de 2014;550.595
Hombres;Total;35 Palmas, Las;1 de enero de 2013;550.174
Hombres;Total;35 Palmas, Las;1 de enero de 2012;546.215
Hombres;Total;35 Palmas, Las;1 de enero de 2011;540.825
Hombres;Total;36 Pontevedra;1 de enero de 2020;457.535
Hombres;Total;36 Pontevedra;1 de enero de 2019;456.379
Hombres;Total;36 Pontevedra;1 de enero de 2018;456.493
Hombres;Total;36 Pontevedra;1 de enero de 2017;457.996
Hombres;Total;36 Pontevedra;1 de enero de 2016;459.032
Hombres;Total;36 Pontevedra;1 de enero de 2015;460.510
Hombres;Total;36 Pontevedra;1 de enero de 2014;461.581
Hombres;Total;36 Pontevedra;1 de enero de 2013;463.081
Hombres;Total;36 Pontevedra;1 de enero de 2012;463.897
Hombres;Total;36 Pontevedra;1 de enero de 2011;462.901
Hombres;Total;26 Rioja, La;1 de enero de 2020;155.656
Hombres;Total;26 Rioja, La;1 de enero de 2019;154.512
Hombres;Total;26 Rioja, La;1 de enero de 2018;154.409
Hombres;Total;26 Rioja, La;1 de enero de 2017;154.288
Hombres;Total;26 Rioja, La;1 de enero de 2016;154.516
Hombres;Total;26 Rioja, La;1 de enero de 2015;155.021
Hombres;Total;26 Rioja, La;1 de enero de 2014;156.245
Hombres;Total;26 Rioja, La;1 de enero de 2013;158.540
Hombres;Total;26 Rioja, La;1 de enero de 2012;160.318
Hombres;Total;26 Rioja, La;1 de enero de 2011;160.694
Hombres;Total;37 Salamanca;1 de enero de 2020;161.245
Hombres;Total;37 Salamanca;1 de enero de 2019;161.858
Hombres;Total;37 Salamanca;1 de enero de 2018;162.579
Hombres;Total;37 Salamanca;1 de enero de 2017;163.922
Hombres;Total;37 Salamanca;1 de enero de 2016;165.197
Hombres;Total;37 Salamanca;1 de enero de 2015;167.027
Hombres;Total;37 Salamanca;1 de enero de 2014;168.350
Hombres;Total;37 Salamanca;1 de enero de 2013;170.004
Hombres;Total;37 Salamanca;1 de enero de 2012;171.226
Hombres;Total;37 Salamanca;1 de enero de 2011;171.696
Hombres;Total;38 Santa Cruz de Tenerife;1 de enero de 2020;535.863
Hombres;Total;38 Santa Cruz de Tenerife;1 de enero de 2019;527.355
Hombres;Total;38 Santa Cruz de Tenerife;1 de enero de 2018;519.067
Hombres;Total;38 Santa Cruz de Tenerife;1 de enero de 2017;512.269
Hombres;Total;38 Santa Cruz de Tenerife;1 de enero de 2016;506.765
Hombres;Total;38 Santa Cruz de Tenerife;1 de enero de 2015;505.028
Hombres;Total;38 Santa Cruz de Tenerife;1 de enero de 2014;502.554
Hombres;Total;38 Santa Cruz de Tenerife;1 de enero de 2013;499.442
Hombres;Total;38 Santa Cruz de Tenerife;1 de enero de 2012;494.731
Hombres;Total;38 Santa Cruz de Tenerife;1 de enero de 2011;490.419
Hombres;Total;40 Segovia;1 de enero de 2020;77.626
Hombres;Total;40 Segovia;1 de enero de 2019;77.602
Hombres;Total;40 Segovia;1 de enero de 2018;77.829
Hombres;Total;40 Segovia;1 de enero de 2017;78.373
Hombres;Total;40 Segovia;1 de enero de 2016;79.007
Hombres;Total;40 Segovia;1 de enero de 2015;79.900
Hombres;Total;40 Segovia;1 de enero de 2014;80.513
Hombres;Total;40 Segovia;1 de enero de 2013;81.659
Hombres;Total;40 Segovia;1 de enero de 2012;82.478
Hombres;Total;40 Segovia;1 de enero de 2011;82.768
Hombres;Total;41 Sevilla;1 de enero de 2020;957.057
Hombres;Total;41 Sevilla;1 de enero de 2019;953.736
Hombres;Total;41 Sevilla;1 de enero de 2018;952.167
Hombres;Total;41 Sevilla;1 de enero de 2017;951.479
Hombres;Total;41 Sevilla;1 de enero de 2016;950.670
Hombres;Total;41 Sevilla;1 de enero de 2015;950.101
Hombres;Total;41 Sevilla;1 de enero de 2014;949.097
Hombres;Total;41 Sevilla;1 de enero de 2013;949.258
Hombres;Total;41 Sevilla;1 de enero de 2012;947.826
Hombres;Total;41 Sevilla;1 de enero de 2011;941.421
Hombres;Total;42 Soria;1 de enero de 2020;45.665
Hombres;Total;42 Soria;1 de enero de 2019;45.410
Hombres;Total;42 Soria;1 de enero de 2018;45.549
Hombres;Total;42 Soria;1 de enero de 2017;45.693
Hombres;Total;42 Soria;1 de enero de 2016;46.077
Hombres;Total;42 Soria;1 de enero de 2015;46.570
Hombres;Total;42 Soria;1 de enero de 2014;46.985
Hombres;Total;42 Soria;1 de enero de 2013;47.520
Hombres;Total;42 Soria;1 de enero de 2012;47.977
Hombres;Total;42 Soria;1 de enero de 2011;48.202
Hombres;Total;43 Tarragona;1 de enero de 2020;406.276
Hombres;Total;43 Tarragona;1 de enero de 2019;399.991
Hombres;Total;43 Tarragona;1 de enero de 2018;396.237
Hombres;Total;43 Tarragona;1 de enero de 2017;395.685
Hombres;Total;43 Tarragona;1 de enero de 2016;395.811
Hombres;Total;43 Tarragona;1 de enero de 2015;397.279
Hombres;Total;43 Tarragona;1 de enero de 2014;399.094
Hombres;Total;43 Tarragona;1 de enero de 2013;404.298
Hombres;Total;43 Tarragona;1 de enero de 2012;407.510
Hombres;Total;43 Tarragona;1 de enero de 2011;406.485
Hombres;Total;44 Teruel;1 de enero de 2020;67.533
Hombres;Total;44 Teruel;1 de enero de 2019;67.516
Hombres;Total;44 Teruel;1 de enero de 2018;67.745
Hombres;Total;44 Teruel;1 de enero de 2017;68.366
Hombres;Total;44 Teruel;1 de enero de 2016;69.087
Hombres;Total;44 Teruel;1 de enero de 2015;70.045
Hombres;Total;44 Teruel;1 de enero de 2014;71.039
Hombres;Total;44 Teruel;1 de enero de 2013;72.031
Hombres;Total;44 Teruel;1 de enero de 2012;73.240
Hombres;Total;44 Teruel;1 de enero de 2011;74.087
Hombres;Total;45 Toledo;1 de enero de 2020;352.884
Hombres;Total;45 Toledo;1 de enero de 2019;349.168
Hombres;Total;45 Toledo;1 de enero de 2018;347.045
Hombres;Total;45 Toledo;1 de enero de 2017;347.802
Hombres;Total;45 Toledo;1 de enero de 2016;348.768
Hombres;Total;45 Toledo;1 de enero de 2015;350.747
Hombres;Total;45 Toledo;1 de enero de 2014;353.012
Hombres;Total;45 Toledo;1 de enero de 2013;356.843
Hombres;Total;45 Toledo;1 de enero de 2012;358.439
Hombres;Total;45 Toledo;1 de enero de 2011;356.188
Hombres;Total;46 Valencia/València;1 de enero de 2020;1.256.158
Hombres;Total;46 Valencia/València;1 de enero de 2019;1.243.137
Hombres;Total;46 Valencia/València;1 de enero de 2018;1.240.031
Hombres;Total;46 Valencia/València;1 de enero de 2017;1.236.752
Hombres;Total;46 Valencia/València;1 de enero de 2016;1.236.395
Hombres;Total;46 Valencia/València;1 de enero de 2015;1.239.896
Hombres;Total;46 Valencia/València;1 de enero de 2014;1.243.110
Hombres;Total;46 Valencia/València;1 de enero de 2013;1.255.397
Hombres;Total;46 Valencia/València;1 de enero de 2012;1.265.539
Hombres;Total;46 Valencia/València;1 de enero de 2011;1.265.516
Hombres;Total;47 Valladolid;1 de enero de 2020;253.992
Hombres;Total;47 Valladolid;1 de enero de 2019;254.104
Hombres;Total;47 Valladolid;1 de enero de 2018;254.342
Hombres;Total;47 Valladolid;1 de enero de 2017;255.853
Hombres;Total;47 Valladolid;1 de enero de 2016;256.700
Hombres;Total;47 Valladolid;1 de enero de 2015;258.221
Hombres;Total;47 Valladolid;1 de enero de 2014;259.085
Hombres;Total;47 Valladolid;1 de enero de 2013;260.366
Hombres;Total;47 Valladolid;1 de enero de 2012;261.249
Hombres;Total;47 Valladolid;1 de enero de 2011;261.233
Hombres;Total;49 Zamora;1 de enero de 2020;85.292
Hombres;Total;49 Zamora;1 de enero de 2019;86.236
Hombres;Total;49 Zamora;1 de enero de 2018;87.387
Hombres;Total;49 Zamora;1 de enero de 2017;88.746
Hombres;Total;49 Zamora;1 de enero de 2016;90.088
Hombres;Total;49 Zamora;1 de enero de 2015;91.539
Hombres;Total;49 Zamora;1 de enero de 2014;92.641
Hombres;Total;49 Zamora;1 de enero de 2013;93.947
Hombres;Total;49 Zamora;1 de enero de 2012;95.062
Hombres;Total;49 Zamora;1 de enero de 2011;95.787
Hombres;Total;50 Zaragoza;1 de enero de 2020;477.801
Hombres;Total;50 Zaragoza;1 de enero de 2019;473.742
Hombres;Total;50 Zaragoza;1 de enero de 2018;470.290
Hombres;Total;50 Zaragoza;1 de enero de 2017;471.399
Hombres;Total;50 Zaragoza;1 de enero de 2016;472.366
Hombres;Total;50 Zaragoza;1 de enero de 2015;475.668
Hombres;Total;50 Zaragoza;1 de enero de 2014;476.883
Hombres;Total;50 Zaragoza;1 de enero de 2013;479.590
Hombres;Total;50 Zaragoza;1 de enero de 2012;481.700
Hombres;Total;50 Zaragoza;1 de enero de 2011;481.855
Hombres;Total;51 Ceuta;1 de enero de 2020;42.484
Hombres;Total;51 Ceuta;1 de enero de 2019;43.020
Hombres;Total;51 Ceuta;1 de enero de 2018;43.282
Hombres;Total;51 Ceuta;1 de enero de 2017;43.209
Hombres;Total;51 Ceuta;1 de enero de 2016;43.028
Hombres;Total;51 Ceuta;1 de enero de 2015;43.124
Hombres;Total;51 Ceuta;1 de enero de 2014;43.259
Hombres;Total;51 Ceuta;1 de enero de 2013;43.323
Hombres;Total;51 Ceuta;1 de enero de 2012;42.960
Hombres;Total;51 Ceuta;1 de enero de 2011;41.801
Hombres;Total;52 Melilla;1 de enero de 2020;42.500
Hombres;Total;52 Melilla;1 de enero de 2019;42.793
Hombres;Total;52 Melilla;1 de enero de 2018;42.807
Hombres;Total;52 Melilla;1 de enero de 2017;43.079
Hombres;Total;52 Melilla;1 de enero de 2016;43.108
Hombres;Total;52 Melilla;1 de enero de 2015;43.142
Hombres;Total;52 Melilla;1 de enero de 2014;42.864
Hombres;Total;52 Melilla;1 de enero de 2013;43.113
Hombres;Total;52 Melilla;1 de enero de 2012;42.310
Hombres;Total;52 Melilla;1 de enero de 2011;40.601
Mujeres;Total;02 Albacete;1 de enero de 2020;195.052
Mujeres;Total;02 Albacete;1 de enero de 2019;194.969
Mujeres;Total;02 Albacete;1 de enero de 2018;195.343
Mujeres;Total;02 Albacete;1 de enero de 2017;195.893
Mujeres;Total;02 Albacete;1 de enero de 2016;196.564
Mujeres;Total;02 Albacete;1 de enero de 2015;197.539
Mujeres;Total;02 Albacete;1 de enero de 2014;198.428
Mujeres;Total;02 Albacete;1 de enero de 2013;199.682
Mujeres;Total;02 Albacete;1 de enero de 2012;200.505
Mujeres;Total;02 Albacete;1 de enero de 2011;200.016
Mujeres;Total;03 Alicante/Alacant;1 de enero de 2020;950.199
Mujeres;Total;03 Alicante/Alacant;1 de enero de 2019;938.902
Mujeres;Total;03 Alicante/Alacant;1 de enero de 2018;930.098
Mujeres;Total;03 Alicante/Alacant;1 de enero de 2017;927.748
Mujeres;Total;03 Alicante/Alacant;1 de enero de 2016;926.816
Mujeres;Total;03 Alicante/Alacant;1 de enero de 2015;926.119
Mujeres;Total;03 Alicante/Alacant;1 de enero de 2014;929.166
Mujeres;Total;03 Alicante/Alacant;1 de enero de 2013;930.302
Mujeres;Total;03 Alicante/Alacant;1 de enero de 2012;928.757
Mujeres;Total;03 Alicante/Alacant;1 de enero de 2011;924.028
Mujeres;Total;04 Almería;1 de enero de 2020;353.391
Mujeres;Total;04 Almería;1 de enero de 2019;349.083
Mujeres;Total;04 Almería;1 de enero de 2018;346.593
Mujeres;Total;04 Almería;1 de enero de 2017;345.919
Mujeres;Total;04 Almería;1 de enero de 2016;343.958
Mujeres;Total;04 Almería;1 de enero de 2015;341.774
Mujeres;Total;04 Almería;1 de enero de 2014;340.291
Mujeres;Total;04 Almería;1 de enero de 2013;340.731
Mujeres;Total;04 Almería;1 de enero de 2012;338.341
Mujeres;Total;04 Almería;1 de enero de 2011;335.191
Mujeres;Total;01 Araba/Álava;1 de enero de 2020;168.351
Mujeres;Total;01 Araba/Álava;1 de enero de 2019;167.003
Mujeres;Total;01 Araba/Álava;1 de enero de 2018;165.944
Mujeres;Total;01 Araba/Álava;1 de enero de 2017;164.627
Mujeres;Total;01 Araba/Álava;1 de enero de 2016;163.437
Mujeres;Total;01 Araba/Álava;1 de enero de 2015;162.565
Mujeres;Total;01 Araba/Álava;1 de enero de 2014;161.810
Mujeres;Total;01 Araba/Álava;1 de enero de 2013;161.297
Mujeres;Total;01 Araba/Álava;1 de enero de 2012;161.015
Mujeres;Total;01 Araba/Álava;1 de enero de 2011;160.173
Mujeres;Total;33 Asturias;1 de enero de 2020;531.819
Mujeres;Total;33 Asturias;1 de enero de 2019;533.530
Mujeres;Total;33 Asturias;1 de enero de 2018;536.306
Mujeres;Total;33 Asturias;1 de enero de 2017;539.745
Mujeres;Total;33 Asturias;1 de enero de 2016;542.979
Mujeres;Total;33 Asturias;1 de enero de 2015;547.513
Mujeres;Total;33 Asturias;1 de enero de 2014;551.824
Mujeres;Total;33 Asturias;1 de enero de 2013;555.870
Mujeres;Total;33 Asturias;1 de enero de 2012;558.801
Mujeres;Total;33 Asturias;1 de enero de 2011;559.380
Mujeres;Total;05 Ávila;1 de enero de 2020;78.880
Mujeres;Total;05 Ávila;1 de enero de 2019;79.058
Mujeres;Total;05 Ávila;1 de enero de 2018;79.392
Mujeres;Total;05 Ávila;1 de enero de 2017;80.161
Mujeres;Total;05 Ávila;1 de enero de 2016;81.071
Mujeres;Total;05 Ávila;1 de enero de 2015;82.068
Mujeres;Total;05 Ávila;1 de enero de 2014;82.847
Mujeres;Total;05 Ávila;1 de enero de 2013;83.906
Mujeres;Total;05 Ávila;1 de enero de 2012;84.748
Mujeres;Total;05 Ávila;1 de enero de 2011;85.426
Mujeres;Total;06 Badajoz;1 de enero de 2020;339.093
Mujeres;Total;06 Badajoz;1 de enero de 2019;339.645
Mujeres;Total;06 Badajoz;1 de enero de 2018;340.748
Mujeres;Total;06 Badajoz;1 de enero de 2017;342.245
Mujeres;Total;06 Badajoz;1 de enero de 2016;344.115
Mujeres;Total;06 Badajoz;1 de enero de 2015;345.676
Mujeres;Total;06 Badajoz;1 de enero de 2014;346.958
Mujeres;Total;06 Badajoz;1 de enero de 2013;347.929
Mujeres;Total;06 Badajoz;1 de enero de 2012;348.413
Mujeres;Total;06 Badajoz;1 de enero de 2011;347.449
Mujeres;Total;07 Balears, Illes;1 de enero de 2020;604.857
Mujeres;Total;07 Balears, Illes;1 de enero de 2019;593.797
Mujeres;Total;07 Balears, Illes;1 de enero de 2018;583.467
Mujeres;Total;07 Balears, Illes;1 de enero de 2017;575.631
Mujeres;Total;07 Balears, Illes;1 de enero de 2016;567.982
Mujeres;Total;07 Balears, Illes;1 de enero de 2015;562.431
Mujeres;Total;07 Balears, Illes;1 de enero de 2014;557.211
Mujeres;Total;07 Balears, Illes;1 de enero de 2013;553.557
Mujeres;Total;07 Balears, Illes;1 de enero de 2012;548.122
Mujeres;Total;07 Balears, Illes;1 de enero de 2011;543.069
Mujeres;Total;08 Barcelona;1 de enero de 2020;2.901.423
Mujeres;Total;08 Barcelona;1 de enero de 2019;2.871.977
Mujeres;Total;08 Barcelona;1 de enero de 2018;2.841.735
Mujeres;Total;08 Barcelona;1 de enero de 2017;2.818.659
Mujeres;Total;08 Barcelona;1 de enero de 2016;2.801.157
Mujeres;Total;08 Barcelona;1 de enero de 2015;2.791.862
Mujeres;Total;08 Barcelona;1 de enero de 2014;2.794.224
Mujeres;Total;08 Barcelona;1 de enero de 2013;2.810.207
Mujeres;Total;08 Barcelona;1 de enero de 2012;2.814.529
Mujeres;Total;08 Barcelona;1 de enero de 2011;2.800.400
Mujeres;Total;48 Bizkaia;1 de enero de 2020;593.511
Mujeres;Total;48 Bizkaia;1 de enero de 2019;590.406
Mujeres;Total;48 Bizkaia;1 de enero de 2018;589.047
Mujeres;Total;48 Bizkaia;1 de enero de 2017;588.707
Mujeres;Total;48 Bizkaia;1 de enero de 2016;588.061
Mujeres;Total;48 Bizkaia;1 de enero de 2015;589.272
Mujeres;Total;48 Bizkaia;1 de enero de 2014;590.353
Mujeres;Total;48 Bizkaia;1 de enero de 2013;593.763
Mujeres;Total;48 Bizkaia;1 de enero de 2012;595.976
Mujeres;Total;48 Bizkaia;1 de enero de 2011;595.195
Mujeres;Total;09 Burgos;1 de enero de 2020;177.293
Mujeres;Total;09 Burgos;1 de enero de 2019;177.073
Mujeres;Total;09 Burgos;1 de enero de 2018;177.338
Mujeres;Total;09 Burgos;1 de enero de 2017;178.081
Mujeres;Total;09 Burgos;1 de enero de 2016;179.194
Mujeres;Total;09 Burgos;1 de enero de 2015;180.466
Mujeres;Total;09 Burgos;1 de enero de 2014;181.475
Mujeres;Total;09 Burgos;1 de enero de 2013;182.849
Mujeres;Total;09 Burgos;1 de enero de 2012;184.035
Mujeres;Total;09 Burgos;1 de enero de 2011;184.329
Mujeres;Total;10 Cáceres;1 de enero de 2020;195.864
Mujeres;Total;10 Cáceres;1 de enero de 2019;196.797
Mujeres;Total;10 Cáceres;1 de enero de 2018;198.063
Mujeres;Total;10 Cáceres;1 de enero de 2017;199.774
Mujeres;Total;10 Cáceres;1 de enero de 2016;201.385
Mujeres;Total;10 Cáceres;1 de enero de 2015;202.967
Mujeres;Total;10 Cáceres;1 de enero de 2014;204.012
Mujeres;Total;10 Cáceres;1 de enero de 2013;205.206
Mujeres;Total;10 Cáceres;1 de enero de 2012;206.406
Mujeres;Total;10 Cáceres;1 de enero de 2011;206.539
Mujeres;Total;11 Cádiz;1 de enero de 2020;632.126
Mujeres;Total;11 Cádiz;1 de enero de 2019;629.412
Mujeres;Total;11 Cádiz;1 de enero de 2018;628.830
Mujeres;Total;11 Cádiz;1 de enero de 2017;628.241
Mujeres;Total;11 Cádiz;1 de enero de 2016;627.519
Mujeres;Total;11 Cádiz;1 de enero de 2015;627.495
Mujeres;Total;11 Cádiz;1 de enero de 2014;626.680
Mujeres;Total;11 Cádiz;1 de enero de 2013;626.411
Mujeres;Total;11 Cádiz;1 de enero de 2012;624.899
Mujeres;Total;11 Cádiz;1 de enero de 2011;621.809
Mujeres;Total;39 Cantabria;1 de enero de 2020;298.553
Mujeres;Total;39 Cantabria;1 de enero de 2019;298.080
Mujeres;Total;39 Cantabria;1 de enero de 2018;297.670
Mujeres;Total;39 Cantabria;1 de enero de 2017;297.510
Mujeres;Total;39 Cantabria;1 de enero de 2016;297.954
Mujeres;Total;39 Cantabria;1 de enero de 2015;299.154
Mujeres;Total;39 Cantabria;1 de enero de 2014;300.203
Mujeres;Total;39 Cantabria;1 de enero de 2013;301.303
Mujeres;Total;39 Cantabria;1 de enero de 2012;302.254
Mujeres;Total;39 Cantabria;1 de enero de 2011;301.468
Mujeres;Total;12 Castellón/Castelló;1 de enero de 2020;289.602
Mujeres;Total;12 Castellón/Castelló;1 de enero de 2019;287.822
Mujeres;Total;12 Castellón/Castelló;1 de enero de 2018;286.799
Mujeres;Total;12 Castellón/Castelló;1 de enero de 2017;287.007
Mujeres;Total;12 Castellón/Castelló;1 de enero de 2016;287.199
Mujeres;Total;12 Castellón/Castelló;1 de enero de 2015;288.540
Mujeres;Total;12 Castellón/Castelló;1 de enero de 2014;290.058
Mujeres;Total;12 Castellón/Castelló;1 de enero de 2013;293.045
Mujeres;Total;12 Castellón/Castelló;1 de enero de 2012;296.255
Mujeres;Total;12 Castellón/Castelló;1 de enero de 2011;296.685
Mujeres;Total;13 Ciudad Real;1 de enero de 2020;249.326
Mujeres;Total;13 Ciudad Real;1 de enero de 2019;249.959
Mujeres;Total;13 Ciudad Real;1 de enero de 2018;251.616
Mujeres;Total;13 Ciudad Real;1 de enero de 2017;254.229
Mujeres;Total;13 Ciudad Real;1 de enero de 2016;256.052
Mujeres;Total;13 Ciudad Real;1 de enero de 2015;258.679
Mujeres;Total;13 Ciudad Real;1 de enero de 2014;260.468
Mujeres;Total;13 Ciudad Real;1 de enero de 2013;262.572
Mujeres;Total;13 Ciudad Real;1 de enero de 2012;264.134
Mujeres;Total;13 Ciudad Real;1 de enero de 2011;263.990
Mujeres;Total;14 Córdoba;1 de enero de 2020;399.682
Mujeres;Total;14 Córdoba;1 de enero de 2019;399.280
Mujeres;Total;14 Córdoba;1 de enero de 2018;400.314
Mujeres;Total;14 Córdoba;1 de enero de 2017;402.015
Mujeres;Total;14 Córdoba;1 de enero de 2016;403.225
Mujeres;Total;14 Córdoba;1 de enero de 2015;404.860
Mujeres;Total;14 Córdoba;1 de enero de 2014;405.837
Mujeres;Total;14 Córdoba;1 de enero de 2013;407.140
Mujeres;Total;14 Córdoba;1 de enero de 2012;408.212
Mujeres;Total;14 Córdoba;1 de enero de 2011;407.820
Mujeres;Total;15 Coruña, A;1 de enero de 2020;584.082
Mujeres;Total;15 Coruña, A;1 de enero de 2019;583.252
Mujeres;Total;15 Coruña, A;1 de enero de 2018;582.737
Mujeres;Total;15 Coruña, A;1 de enero de 2017;582.691
Mujeres;Total;15 Coruña, A;1 de enero de 2016;583.586
Mujeres;Total;15 Coruña, A;1 de enero de 2015;585.671
Mujeres;Total;15 Coruña, A;1 de enero de 2014;587.987
Mujeres;Total;15 Coruña, A;1 de enero de 2013;590.463
Mujeres;Total;15 Coruña, A;1 de enero de 2012;591.913
Mujeres;Total;15 Coruña, A;1 de enero de 2011;591.518
Mujeres;Total;16 Cuenca;1 de enero de 2020;98.822
Mujeres;Total;16 Cuenca;1 de enero de 2019;98.761
Mujeres;Total;16 Cuenca;1 de enero de 2018;99.190
Mujeres;Total;16 Cuenca;1 de enero de 2017;99.808
Mujeres;Total;16 Cuenca;1 de enero de 2016;100.703
Mujeres;Total;16 Cuenca;1 de enero de 2015;101.970
Mujeres;Total;16 Cuenca;1 de enero de 2014;102.977
Mujeres;Total;16 Cuenca;1 de enero de 2013;104.422
Mujeres;Total;16 Cuenca;1 de enero de 2012;105.971
Mujeres;Total;16 Cuenca;1 de enero de 2011;106.740
Mujeres;Total;20 Gipuzkoa;1 de enero de 2020;368.280
Mujeres;Total;20 Gipuzkoa;1 de enero de 2019;366.370
Mujeres;Total;20 Gipuzkoa;1 de enero de 2018;365.027
Mujeres;Total;20 Gipuzkoa;1 de enero de 2017;364.141
Mujeres;Total;20 Gipuzkoa;1 de enero de 2016;363.079
Mujeres;Total;20 Gipuzkoa;1 de enero de 2015;362.395
Mujeres;Total;20 Gipuzkoa;1 de enero de 2014;361.914
Mujeres;Total;20 Gipuzkoa;1 de enero de 2013;361.975
Mujeres;Total;20 Gipuzkoa;1 de enero de 2012;361.550
Mujeres;Total;20 Gipuzkoa;1 de enero de 2011;360.375
Mujeres;Total;17 Girona;1 de enero de 2020;385.094
Mujeres;Total;17 Girona;1 de enero de 2019;380.374
Mujeres;Total;17 Girona;1 de enero de 2018;376.285
Mujeres;Total;17 Girona;1 de enero de 2017;373.673
Mujeres;Total;17 Girona;1 de enero de 2016;371.407
Mujeres;Total;17 Girona;1 de enero de 2015;370.250
Mujeres;Total;17 Girona;1 de enero de 2014;370.792
Mujeres;Total;17 Girona;1 de enero de 2013;372.775
Mujeres;Total;17 Girona;1 de enero de 2012;372.721
Mujeres;Total;17 Girona;1 de enero de 2011;369.576
Mujeres;Total;18 Granada;1 de enero de 2020;467.373
Mujeres;Total;18 Granada;1 de enero de 2019;464.410
Mujeres;Total;18 Granada;1 de enero de 2018;463.014
Mujeres;Total;18 Granada;1 de enero de 2017;462.599
Mujeres;Total;18 Granada;1 de enero de 2016;462.771
Mujeres;Total;18 Granada;1 de enero de 2015;463.638
Mujeres;Total;18 Granada;1 de enero de 2014;463.917
Mujeres;Total;18 Granada;1 de enero de 2013;464.350
Mujeres;Total;18 Granada;1 de enero de 2012;464.408
Mujeres;Total;18 Granada;1 de enero de 2011;463.518
Mujeres;Total;19 Guadalajara;1 de enero de 2020;129.197
Mujeres;Total;19 Guadalajara;1 de enero de 2019;127.525
Mujeres;Total;19 Guadalajara;1 de enero de 2018;126.053
Mujeres;Total;19 Guadalajara;1 de enero de 2017;125.673
Mujeres;Total;19 Guadalajara;1 de enero de 2016;124.986
Mujeres;Total;19 Guadalajara;1 de enero de 2015;124.917
Mujeres;Total;19 Guadalajara;1 de enero de 2014;125.021
Mujeres;Total;19 Guadalajara;1 de enero de 2013;125.552
Mujeres;Total;19 Guadalajara;1 de enero de 2012;125.531
Mujeres;Total;19 Guadalajara;1 de enero de 2011;123.978
Mujeres;Total;21 Huelva;1 de enero de 2020;267.882
Mujeres;Total;21 Huelva;1 de enero de 2019;265.689
Mujeres;Total;21 Huelva;1 de enero de 2018;264.250
Mujeres;Total;21 Huelva;1 de enero de 2017;263.082
Mujeres;Total;21 Huelva;1 de enero de 2016;263.386
Mujeres;Total;21 Huelva;1 de enero de 2015;263.591
Mujeres;Total;21 Huelva;1 de enero de 2014;263.039
Mujeres;Total;21 Huelva;1 de enero de 2013;262.558
Mujeres;Total;21 Huelva;1 de enero de 2012;262.130
Mujeres;Total;21 Huelva;1 de enero de 2011;260.668
Mujeres;Total;22 Huesca;1 de enero de 2020;109.227
Mujeres;Total;22 Huesca;1 de enero de 2019;108.612
Mujeres;Total;22 Huesca;1 de enero de 2018;108.513
Mujeres;Total;22 Huesca;1 de enero de 2017;108.658
Mujeres;Total;22 Huesca;1 de enero de 2016;109.072
Mujeres;Total;22 Huesca;1 de enero de 2015;109.707
Mujeres;Total;22 Huesca;1 de enero de 2014;110.176
Mujeres;Total;22 Huesca;1 de enero de 2013;110.642
Mujeres;Total;22 Huesca;1 de enero de 2012;111.128
Mujeres;Total;22 Huesca;1 de enero de 2011;111.202
Mujeres;Total;23 Jaén;1 de enero de 2020;316.818
Mujeres;Total;23 Jaén;1 de enero de 2019;318.441
Mujeres;Total;23 Jaén;1 de enero de 2018;320.651
Mujeres;Total;23 Jaén;1 de enero de 2017;323.027
Mujeres;Total;23 Jaén;1 de enero de 2016;325.345
Mujeres;Total;23 Jaén;1 de enero de 2015;328.081
Mujeres;Total;23 Jaén;1 de enero de 2014;329.973
Mujeres;Total;23 Jaén;1 de enero de 2013;331.803
Mujeres;Total;23 Jaén;1 de enero de 2012;333.500
Mujeres;Total;23 Jaén;1 de enero de 2011;334.104
Mujeres;Total;24 León;1 de enero de 2020;235.555
Mujeres;Total;24 León;1 de enero de 2019;237.169
Mujeres;Total;24 León;1 de enero de 2018;238.926
Mujeres;Total;24 León;1 de enero de 2017;240.886
Mujeres;Total;24 León;1 de enero de 2016;243.114
Mujeres;Total;24 León;1 de enero de 2015;245.798
Mujeres;Total;24 León;1 de enero de 2014;247.764
Mujeres;Total;24 León;1 de enero de 2013;250.113
Mujeres;Total;24 León;1 de enero de 2012;251.727
Mujeres;Total;24 León;1 de enero de 2011;252.501
Mujeres;Total;25 Lleida;1 de enero de 2020;214.567
Mujeres;Total;25 Lleida;1 de enero de 2019;212.855
Mujeres;Total;25 Lleida;1 de enero de 2018;212.046
Mujeres;Total;25 Lleida;1 de enero de 2017;211.897
Mujeres;Total;25 Lleida;1 de enero de 2016;211.928
Mujeres;Total;25 Lleida;1 de enero de 2015;212.864
Mujeres;Total;25 Lleida;1 de enero de 2014;213.334
Mujeres;Total;25 Lleida;1 de enero de 2013;214.546
Mujeres;Total;25 Lleida;1 de enero de 2012;215.135
Mujeres;Total;25 Lleida;1 de enero de 2011;214.264
Mujeres;Total;27 Lugo;1 de enero de 2020;168.866
Mujeres;Total;27 Lugo;1 de enero de 2019;169.582
Mujeres;Total;27 Lugo;1 de enero de 2018;170.459
Mujeres;Total;27 Lugo;1 de enero de 2017;171.523
Mujeres;Total;27 Lugo;1 de enero de 2016;172.839
Mujeres;Total;27 Lugo;1 de enero de 2015;174.275
Mujeres;Total;27 Lugo;1 de enero de 2014;175.774
Mujeres;Total;27 Lugo;1 de enero de 2013;177.217
Mujeres;Total;27 Lugo;1 de enero de 2012;178.452
Mujeres;Total;27 Lugo;1 de enero de 2011;179.467
Mujeres;Total;28 Madrid;1 de enero de 2020;3.513.350
Mujeres;Total;28 Madrid;1 de enero de 2019;3.457.275
Mujeres;Total;28 Madrid;1 de enero de 2018;3.407.498
Mujeres;Total;28 Madrid;1 de enero de 2017;3.367.894
Mujeres;Total;28 Madrid;1 de enero de 2016;3.339.528
Mujeres;Total;28 Madrid;1 de enero de 2015;3.318.521
Mujeres;Total;28 Madrid;1 de enero de 2014;3.312.721
Mujeres;Total;28 Madrid;1 de enero de 2013;3.328.023
Mujeres;Total;28 Madrid;1 de enero de 2012;3.328.114
Mujeres;Total;28 Madrid;1 de enero de 2011;3.306.467
Mujeres;Total;29 Málaga;1 de enero de 2020;856.765
Mujeres;Total;29 Málaga;1 de enero de 2019;844.956
Mujeres;Total;29 Málaga;1 de enero de 2018;839.496
Mujeres;Total;29 Málaga;1 de enero de 2017;836.233
Mujeres;Total;29 Málaga;1 de enero de 2016;832.246
Mujeres;Total;29 Málaga;1 de enero de 2015;827.209
Mujeres;Total;29 Málaga;1 de enero de 2014;820.853
Mujeres;Total;29 Málaga;1 de enero de 2013;816.606
Mujeres;Total;29 Málaga;1 de enero de 2012;809.085
Mujeres;Total;29 Málaga;1 de enero de 2011;800.593
Mujeres;Total;30 Murcia;1 de enero de 2020;751.919
Mujeres;Total;30 Murcia;1 de enero de 2019;743.519
Mujeres;Total;30 Murcia;1 de enero de 2018;736.924
Mujeres;Total;30 Murcia;1 de enero de 2017;734.993
Mujeres;Total;30 Murcia;1 de enero de 2016;731.366
Mujeres;Total;30 Murcia;1 de enero de 2015;729.505
Mujeres;Total;30 Murcia;1 de enero de 2014;727.749
Mujeres;Total;30 Murcia;1 de enero de 2013;726.437
Mujeres;Total;30 Murcia;1 de enero de 2012;724.690
Mujeres;Total;30 Murcia;1 de enero de 2011;721.782
Mujeres;Total;31 Navarra;1 de enero de 2020;332.086
Mujeres;Total;31 Navarra;1 de enero de 2019;328.882
Mujeres;Total;31 Navarra;1 de enero de 2018;325.562
Mujeres;Total;31 Navarra;1 de enero de 2017;323.346
Mujeres;Total;31 Navarra;1 de enero de 2016;321.547
Mujeres;Total;31 Navarra;1 de enero de 2015;320.832
Mujeres;Total;31 Navarra;1 de enero de 2014;320.515
Mujeres;Total;31 Navarra;1 de enero de 2013;321.104
Mujeres;Total;31 Navarra;1 de enero de 2012;320.933
Mujeres;Total;31 Navarra;1 de enero de 2011;318.983
Mujeres;Total;32 Ourense;1 de enero de 2020;159.032
Mujeres;Total;32 Ourense;1 de enero de 2019;159.526
Mujeres;Total;32 Ourense;1 de enero de 2018;160.143
Mujeres;Total;32 Ourense;1 de enero de 2017;161.236
Mujeres;Total;32 Ourense;1 de enero de 2016;162.886
Mujeres;Total;32 Ourense;1 de enero de 2015;164.903
Mujeres;Total;32 Ourense;1 de enero de 2014;166.400
Mujeres;Total;32 Ourense;1 de enero de 2013;168.166
Mujeres;Total;32 Ourense;1 de enero de 2012;169.670
Mujeres;Total;32 Ourense;1 de enero de 2011;170.717
Mujeres;Total;34 Palencia;1 de enero de 2020;80.627
Mujeres;Total;34 Palencia;1 de enero de 2019;81.039
Mujeres;Total;34 Palencia;1 de enero de 2018;81.554
Mujeres;Total;34 Palencia;1 de enero de 2017;82.223
Mujeres;Total;34 Palencia;1 de enero de 2016;82.801
Mujeres;Total;34 Palencia;1 de enero de 2015;83.691
Mujeres;Total;34 Palencia;1 de enero de 2014;84.452
Mujeres;Total;34 Palencia;1 de enero de 2013;85.141
Mujeres;Total;34 Palencia;1 de enero de 2012;85.885
Mujeres;Total;34 Palencia;1 de enero de 2011;86.372
Mujeres;Total;35 Palmas, Las;1 de enero de 2020;578.589
Mujeres;Total;35 Palmas, Las;1 de enero de 2019;572.024
Mujeres;Total;35 Palmas, Las;1 de enero de 2018;565.338
Mujeres;Total;35 Palmas, Las;1 de enero de 2017;560.804
Mujeres;Total;35 Palmas, Las;1 de enero de 2016;556.158
Mujeres;Total;35 Palmas, Las;1 de enero de 2015;553.239
Mujeres;Total;35 Palmas, Las;1 de enero de 2014;550.119
Mujeres;Total;35 Palmas, Las;1 de enero de 2013;548.062
Mujeres;Total;35 Palmas, Las;1 de enero de 2012;542.836
Mujeres;Total;35 Palmas, Las;1 de enero de 2011;536.262
Mujeres;Total;36 Pontevedra;1 de enero de 2020;486.274
Mujeres;Total;36 Pontevedra;1 de enero de 2019;484.628
Mujeres;Total;36 Pontevedra;1 de enero de 2018;484.433
Mujeres;Total;36 Pontevedra;1 de enero de 2017;485.232
Mujeres;Total;36 Pontevedra;1 de enero de 2016;486.156
Mujeres;Total;36 Pontevedra;1 de enero de 2015;487.792
Mujeres;Total;36 Pontevedra;1 de enero de 2014;488.692
Mujeres;Total;36 Pontevedra;1 de enero de 2013;490.160
Mujeres;Total;36 Pontevedra;1 de enero de 2012;491.025
Mujeres;Total;36 Pontevedra;1 de enero de 2011;490.902
Mujeres;Total;26 Rioja, La;1 de enero de 2020;160.270
Mujeres;Total;26 Rioja, La;1 de enero de 2019;159.059
Mujeres;Total;26 Rioja, La;1 de enero de 2018;158.475
Mujeres;Total;26 Rioja, La;1 de enero de 2017;158.330
Mujeres;Total;26 Rioja, La;1 de enero de 2016;158.294
Mujeres;Total;26 Rioja, La;1 de enero de 2015;158.548
Mujeres;Total;26 Rioja, La;1 de enero de 2014;158.979
Mujeres;Total;26 Rioja, La;1 de enero de 2013;160.099
Mujeres;Total;26 Rioja, La;1 de enero de 2012;160.633
Mujeres;Total;26 Rioja, La;1 de enero de 2011;160.156
Mujeres;Total;37 Salamanca;1 de enero de 2020;169.803
Mujeres;Total;37 Salamanca;1 de enero de 2019;170.376
Mujeres;Total;37 Salamanca;1 de enero de 2018;171.071
Mujeres;Total;37 Salamanca;1 de enero de 2017;172.165
Mujeres;Total;37 Salamanca;1 de enero de 2016;173.356
Mujeres;Total;37 Salamanca;1 de enero de 2015;174.974
Mujeres;Total;37 Salamanca;1 de enero de 2014;176.046
Mujeres;Total;37 Salamanca;1 de enero de 2013;177.245
Mujeres;Total;37 Salamanca;1 de enero de 2012;178.399
Mujeres;Total;37 Salamanca;1 de enero de 2011;179.123
Mujeres;Total;38 Santa Cruz de Tenerife;1 de enero de 2020;550.094
Mujeres;Total;38 Santa Cruz de Tenerife;1 de enero de 2019;540.163
Mujeres;Total;38 Santa Cruz de Tenerife;1 de enero de 2018;531.085
Mujeres;Total;38 Santa Cruz de Tenerife;1 de enero de 2017;523.505
Mujeres;Total;38 Santa Cruz de Tenerife;1 de enero de 2016;517.560
Mujeres;Total;38 Santa Cruz de Tenerife;1 de enero de 2015;514.879
Mujeres;Total;38 Santa Cruz de Tenerife;1 de enero de 2014;511.577
Mujeres;Total;38 Santa Cruz de Tenerife;1 de enero de 2013;507.555
Mujeres;Total;38 Santa Cruz de Tenerife;1 de enero de 2012;502.146
Mujeres;Total;38 Santa Cruz de Tenerife;1 de enero de 2011;497.370
Mujeres;Total;40 Segovia;1 de enero de 2020;76.603
Mujeres;Total;40 Segovia;1 de enero de 2019;76.493
Mujeres;Total;40 Segovia;1 de enero de 2018;76.559
Mujeres;Total;40 Segovia;1 de enero de 2017;76.934
Mujeres;Total;40 Segovia;1 de enero de 2016;77.352
Mujeres;Total;40 Segovia;1 de enero de 2015;78.038
Mujeres;Total;40 Segovia;1 de enero de 2014;78.615
Mujeres;Total;40 Segovia;1 de enero de 2013;79.715
Mujeres;Total;40 Segovia;1 de enero de 2012;80.458
Mujeres;Total;40 Segovia;1 de enero de 2011;80.655
Mujeres;Total;41 Sevilla;1 de enero de 2020;1.000.140
Mujeres;Total;41 Sevilla;1 de enero de 2019;995.903
Mujeres;Total;41 Sevilla;1 de enero de 2018;993.068
Mujeres;Total;41 Sevilla;1 de enero de 2017;991.687
Mujeres;Total;41 Sevilla;1 de enero de 2016;990.051
Mujeres;Total;41 Sevilla;1 de enero de 2015;989.311
Mujeres;Total;41 Sevilla;1 de enero de 2014;987.811
Mujeres;Total;41 Sevilla;1 de enero de 2013;987.445
Mujeres;Total;41 Sevilla;1 de enero de 2012;984.746
Mujeres;Total;41 Sevilla;1 de enero de 2011;977.326
Mujeres;Total;42 Soria;1 de enero de 2020;44.247
Mujeres;Total;42 Soria;1 de enero de 2019;44.092
Mujeres;Total;42 Soria;1 de enero de 2018;44.189
Mujeres;Total;42 Soria;1 de enero de 2017;44.317
Mujeres;Total;42 Soria;1 de enero de 2016;44.668
Mujeres;Total;42 Soria;1 de enero de 2015;45.211
Mujeres;Total;42 Soria;1 de enero de 2014;45.645
Mujeres;Total;42 Soria;1 de enero de 2013;46.055
Mujeres;Total;42 Soria;1 de enero de 2012;46.486
Mujeres;Total;42 Soria;1 de enero de 2011;46.696
Mujeres;Total;43 Tarragona;1 de enero de 2020;408.023
Mujeres;Total;43 Tarragona;1 de enero de 2019;402.556
Mujeres;Total;43 Tarragona;1 de enero de 2018;398.732
Mujeres;Total;43 Tarragona;1 de enero de 2017;396.937
Mujeres;Total;43 Tarragona;1 de enero de 2016;395.859
Mujeres;Total;43 Tarragona;1 de enero de 2015;395.876
Mujeres;Total;43 Tarragona;1 de enero de 2014;396.234
Mujeres;Total;43 Tarragona;1 de enero de 2013;398.507
Mujeres;Total;43 Tarragona;1 de enero de 2012;399.394
Mujeres;Total;43 Tarragona;1 de enero de 2011;397.375
Mujeres;Total;44 Teruel;1 de enero de 2020;65.757
Mujeres;Total;44 Teruel;1 de enero de 2019;65.783
Mujeres;Total;44 Teruel;1 de enero de 2018;66.105
Mujeres;Total;44 Teruel;1 de enero de 2017;66.507
Mujeres;Total;44 Teruel;1 de enero de 2016;66.956
Mujeres;Total;44 Teruel;1 de enero de 2015;67.670
Mujeres;Total;44 Teruel;1 de enero de 2014;68.352
Mujeres;Total;44 Teruel;1 de enero de 2013;69.082
Mujeres;Total;44 Teruel;1 de enero de 2012;69.678
Mujeres;Total;44 Teruel;1 de enero de 2011;70.271
Mujeres;Total;45 Toledo;1 de enero de 2020;346.310
Mujeres;Total;45 Toledo;1 de enero de 2019;342.556
Mujeres;Total;45 Toledo;1 de enero de 2018;340.038
Mujeres;Total;45 Toledo;1 de enero de 2017;340.077
Mujeres;Total;45 Toledo;1 de enero de 2016;340.485
Mujeres;Total;45 Toledo;1 de enero de 2015;341.797
Mujeres;Total;45 Toledo;1 de enero de 2014;343.548
Mujeres;Total;45 Toledo;1 de enero de 2013;346.393
Mujeres;Total;45 Toledo;1 de enero de 2012;347.143
Mujeres;Total;45 Toledo;1 de enero de 2011;344.824
Mujeres;Total;46 Valencia/València;1 de enero de 2020;1.312.378
Mujeres;Total;46 Valencia/València;1 de enero de 2019;1.297.452
Mujeres;Total;46 Valencia/València;1 de enero de 2018;1.291.156
Mujeres;Total;46 Valencia/València;1 de enero de 2017;1.285.589
Mujeres;Total;46 Valencia/València;1 de enero de 2016;1.282.284
Mujeres;Total;46 Valencia/València;1 de enero de 2015;1.283.144
Mujeres;Total;46 Valencia/València;1 de enero de 2014;1.284.480
Mujeres;Total;46 Valencia/València;1 de enero de 2013;1.291.648
Mujeres;Total;46 Valencia/València;1 de enero de 2012;1.296.975
Mujeres;Total;46 Valencia/València;1 de enero de 2011;1.293.683
Mujeres;Total;47 Valladolid;1 de enero de 2020;266.725
Mujeres;Total;47 Valladolid;1 de enero de 2019;266.282
Mujeres;Total;47 Valladolid;1 de enero de 2018;266.492
Mujeres;Total;47 Valladolid;1 de enero de 2017;267.354
Mujeres;Total;47 Valladolid;1 de enero de 2016;268.121
Mujeres;Total;47 Valladolid;1 de enero de 2015;269.174
Mujeres;Total;47 Valladolid;1 de enero de 2014;269.590
Mujeres;Total;47 Valladolid;1 de enero de 2013;270.775
Mujeres;Total;47 Valladolid;1 de enero de 2012;271.394
Mujeres;Total;47 Valladolid;1 de enero de 2011;270.649
Mujeres;Total;49 Zamora;1 de enero de 2020;86.339
Mujeres;Total;49 Zamora;1 de enero de 2019;87.396
Mujeres;Total;49 Zamora;1 de enero de 2018;88.544
Mujeres;Total;49 Zamora;1 de enero de 2017;89.812
Mujeres;Total;49 Zamora;1 de enero de 2016;91.222
Mujeres;Total;49 Zamora;1 de enero de 2015;92.635
Mujeres;Total;49 Zamora;1 de enero de 2014;93.761
Mujeres;Total;49 Zamora;1 de enero de 2013;95.095
Mujeres;Total;49 Zamora;1 de enero de 2012;96.244
Mujeres;Total;49 Zamora;1 de enero de 2011;96.940
Mujeres;Total;50 Zaragoza;1 de enero de 2020;498.697
Mujeres;Total;50 Zaragoza;1 de enero de 2019;494.306
Mujeres;Total;50 Zaragoza;1 de enero de 2018;489.821
Mujeres;Total;50 Zaragoza;1 de enero de 2017;490.099
Mujeres;Total;50 Zaragoza;1 de enero de 2016;489.575
Mujeres;Total;50 Zaragoza;1 de enero de 2015;490.936
Mujeres;Total;50 Zaragoza;1 de enero de 2014;491.670
Mujeres;Total;50 Zaragoza;1 de enero de 2013;492.917
Mujeres;Total;50 Zaragoza;1 de enero de 2012;493.351
Mujeres;Total;50 Zaragoza;1 de enero de 2011;491.588
Mujeres;Total;51 Ceuta;1 de enero de 2020;41.548
Mujeres;Total;51 Ceuta;1 de enero de 2019;41.809
Mujeres;Total;51 Ceuta;1 de enero de 2018;41.926
Mujeres;Total;51 Ceuta;1 de enero de 2017;41.825
Mujeres;Total;51 Ceuta;1 de enero de 2016;41.624
Mujeres;Total;51 Ceuta;1 de enero de 2015;41.569
Mujeres;Total;51 Ceuta;1 de enero de 2014;41.415
Mujeres;Total;51 Ceuta;1 de enero de 2013;41.211
Mujeres;Total;51 Ceuta;1 de enero de 2012;40.877
Mujeres;Total;51 Ceuta;1 de enero de 2011;39.826
Mujeres;Total;52 Melilla;1 de enero de 2020;41.996
Mujeres;Total;52 Melilla;1 de enero de 2019;41.896
Mujeres;Total;52 Melilla;1 de enero de 2018;41.901
Mujeres;Total;52 Melilla;1 de enero de 2017;41.865
Mujeres;Total;52 Melilla;1 de enero de 2016;41.656
Mujeres;Total;52 Melilla;1 de enero de 2015;41.428
Mujeres;Total;52 Melilla;1 de enero de 2014;41.006
Mujeres;Total;52 Melilla;1 de enero de 2013;40.506
Mujeres;Total;52 Melilla;1 de enero de 2012;39.476
Mujeres;Total;52 Melilla;1 de enero de 2011;38.261
